{
    "emitters": [
        {
            "name": "Top",
            "isActive": true,
            "particlePerSecond": 256,
            "space": {
                "center": {
                    "x": 0.5099999904632568,
                    "y": 2.200000047683716,
                    "z": 0.0
                },
                "rotation": {
                    "value": {
                        "x": 0.0,
                        "y": 0.0,
                        "z": 0.0,
                        "w": 1.0
                    }
                },
                "scale": {
                    "x": 0.5,
                    "y": 0.20000000298023225,
                    "z": 0.20000000298023225
                },
                "displayAxis": false,
                "displayText": false,
                "displayBound": true,
                "color": {
                    "r": 0.0,
                    "g": 0.0,
                    "b": 1.0,
                    "a": 1.0
                }
            }
        },
        {
            "name": "Top",
            "isActive": true,
            "particlePerSecond": 256,
            "space": {
                "center": {
                    "x": 0.0,
                    "y": 1.7899999618530274,
                    "z": 0.019999999552965165
                },
                "rotation": {
                    "value": {
                        "x": 0.0,
                        "y": 0.0,
                        "z": 0.0,
                        "w": 1.0
                    }
                },
                "scale": {
                    "x": 1.0,
                    "y": 0.009999999776482582,
                    "z": 0.20000000298023225
                },
                "displayAxis": false,
                "displayText": false,
                "displayBound": true,
                "color": {
                    "r": 0.0,
                    "g": 0.0,
                    "b": 1.0,
                    "a": 1.0
                }
            }
        }
    ]
}