{
    "simulationSpace": {
        "center": {
            "x": 0.0,
            "y": 0.0,
            "z": 0.0
        },
        "rotation": {
            "value": {
                "x": 0.0,
                "y": 0.0,
                "z": 0.0,
                "w": 1.0
            }
        },
        "scale": {
            "x": 10.0,
            "y": 10.0,
            "z": 10.0
        },
        "displayAxis": false,
        "displayText": false,
        "displayBound": true,
        "color": {
            "r": 0.0,
            "g": 1.0,
            "b": 1.0,
            "a": 1.0
        }
    },
    "numOfParticle": 32768,
    "smoothlen": 0.10000000149011612,
    "pressureStiffness": 200.0,
    "restDensity": 100.0,
    "particleMass": 0.05000000074505806,
    "viscosity": 1.0,
    "gravity": {
        "x": 0.0,
        "y": -9.800000190734864,
        "z": 0.0
    },
    "timeStep": 0.004999999888241291
}