{
    "simulationSpace": {
        "center": {
            "x": 0.0,
            "y": 0.0,
            "z": 0.0
        },
        "rotation": {
            "value": {
                "x": 0.0,
                "y": 0.0,
                "z": 0.0,
                "w": 1.0
            }
        },
        "scale": {
            "x": 5.0,
            "y": 5.0,
            "z": 5.0
        },
        "displayAxis": false,
        "displayText": false,
        "displayBound": true,
        "color": {
            "r": 0.0,
            "g": 1.0,
            "b": 1.0,
            "a": 1.0
        }
    },
    "numOfParticle": 32768,
    "particleRadius": 0.05000000074505806,
    "smoothlen": 0.30000001192092898,
    "pressureStiffness": 1.0,
    "restDensity": 1000.0,
    "particleMass": 18.0,
    "viscosity": 0.10000000149011612,
    "gravity": {
        "x": 0.0,
        "y": -9.800000190734864,
        "z": 0.0
    },
    "timeStep": 0.009999999776482582
}